City_ID,City,Cloudiness,Country,Date,Humidity,Lat,Lng,Max Temp,Wind Speed
0,Mataura,100,NZ,2021-12-15 00:37:32,44,-46.1927,168.8643,68.49,10.13
1,Alofi,40,NU,2021-12-15 00:37:33,65,-19.0595,-169.9187,84.09,10.36
2,Albany,97,US,2021-12-15 00:36:13,63,42.6001,-73.9662,38.3,3.6
3,Portland,90,US,2021-12-15 00:34:35,83,45.5234,-122.6762,43.38,1.01
4,Khatanga,100,RU,2021-12-15 00:37:33,93,71.9667,102.5,-5.89,3.96
5,Busselton,0,AU,2021-12-15 00:36:15,48,-33.65,115.3333,67.05,2.57
6,Rikitea,18,PF,2021-12-15 00:37:34,70,-23.1203,-134.9692,78.55,4.88
7,Impfondo,100,CG,2021-12-15 00:37:34,73,1.6381,18.0667,76.26,2.66
8,Hobart,40,AU,2021-12-15 00:37:34,71,-42.8794,147.3294,73.11,9.22
9,Avarua,40,CK,2021-12-15 00:37:35,79,-21.2078,-159.775,84.25,11.5
10,Phuket,20,TH,2021-12-15 00:37:35,83,8.0,98.25,77.22,2.3
11,Kiunga,64,PG,2021-12-15 00:37:35,58,-6.1219,141.2906,88.83,2.77
12,Kapaa,75,US,2021-12-15 00:37:36,75,22.0752,-159.319,80.58,3.0
13,Leshukonskoye,100,RU,2021-12-15 00:37:36,97,64.8989,45.7622,20.5,6.35
14,Namibe,96,AO,2021-12-15 00:37:36,75,-15.1961,12.1522,70.45,6.24
15,Butaritari,83,KI,2021-12-15 00:36:20,77,3.0707,172.7902,82.0,8.66
16,Sibolga,99,ID,2021-12-15 00:37:37,87,1.7427,98.7792,78.12,1.16
17,Punta Arenas,75,CL,2021-12-15 00:35:02,58,-53.15,-70.9167,51.91,26.46
18,Ushuaia,40,AR,2021-12-15 00:35:06,62,-54.8,-68.3,49.66,25.32
19,Goya,7,AR,2021-12-15 00:37:37,80,-29.14,-59.2626,72.73,5.93
20,Victoria,100,HK,2021-12-15 00:35:02,84,22.2855,114.1577,70.32,1.99
21,Tasiilaq,100,GL,2021-12-15 00:36:16,66,65.6145,-37.6368,30.36,8.01
22,Vangaindrano,4,MG,2021-12-15 00:37:38,86,-23.35,47.6,71.51,1.9
23,Upernavik,100,GL,2021-12-15 00:37:38,94,72.7868,-56.1549,4.64,10.98
24,Hilo,1,US,2021-12-15 00:37:11,46,19.7297,-155.09,80.33,8.05
25,Hithadhoo,24,MV,2021-12-15 00:37:39,79,-0.6,73.0833,80.58,6.29
26,Bumba,100,CD,2021-12-15 00:37:39,69,2.1833,22.4667,74.35,2.55
27,Vila Franca Do Campo,71,PT,2021-12-15 00:37:39,77,37.7167,-25.4333,57.2,3.56
28,Emerald,75,AU,2021-12-15 00:37:40,65,-23.5333,148.1667,82.54,5.75
29,La Rioja,2,ES,2021-12-15 00:37:40,34,42.25,-2.5,29.98,5.32
30,Faanui,12,PF,2021-12-15 00:37:40,69,-16.4833,-151.75,82.18,14.32
31,Lompoc,20,US,2021-12-15 00:32:45,78,34.6391,-120.4579,50.41,9.22
32,Bluff,100,NZ,2021-12-15 00:36:24,70,-46.6,168.3333,68.81,23.94
33,Orumiyeh,75,IR,2021-12-15 00:37:41,100,37.5527,45.0761,31.55,4.61
34,Cabo San Lucas,1,MX,2021-12-15 00:37:41,69,22.8909,-109.9124,78.1,8.57
35,Kachug,100,RU,2021-12-15 00:37:42,91,53.9606,105.8817,-3.12,4.38
36,Jamestown,1,US,2021-12-15 00:32:45,64,42.097,-79.2353,42.44,1.01
37,Zamania,100,IN,2021-12-15 00:37:42,48,25.4333,83.5667,54.72,6.29
38,Farias Brito,100,BR,2021-12-15 00:37:43,57,-6.9306,-39.5656,84.88,4.12
39,Mindelo,40,CV,2021-12-15 00:37:43,73,16.8901,-24.9804,71.15,23.02
40,Tuktoyaktuk,75,CA,2021-12-15 00:37:44,76,69.4541,-133.0374,-20.2,4.61
41,Mahebourg,40,MU,2021-12-15 00:37:44,78,-20.4081,57.7,77.29,8.05
42,Hami,35,CN,2021-12-15 00:37:44,52,42.8,93.45,22.48,2.37
43,Evensk,100,RU,2021-12-15 00:37:45,71,61.95,159.2333,7.43,17.96
44,Burnie,99,AU,2021-12-15 00:37:45,58,-41.0667,145.9167,65.55,9.22
45,Gamboula,100,CF,2021-12-15 00:37:45,45,4.1178,15.1393,75.42,1.39
46,Bilma,100,NE,2021-12-15 00:38:46,34,18.6853,12.9164,60.3,13.42
47,Kodiak,1,US,2021-12-15 00:38:46,50,57.79,-152.4072,26.11,18.41
48,Dikson,96,RU,2021-12-15 00:36:22,98,73.5069,80.5464,-20.6,8.1
49,Longonjo,100,AO,2021-12-15 00:38:46,95,-12.9067,15.2533,61.05,1.28
50,Severo-Kurilsk,96,RU,2021-12-15 00:38:47,64,50.6789,156.125,28.85,23.76
51,Bethel,10,US,2021-12-15 00:36:50,57,41.3712,-73.414,44.92,4.54
52,Ixtapa,1,MX,2021-12-15 00:38:47,78,20.7,-105.2,78.03,9.22
53,Bambous Virieux,40,MU,2021-12-15 00:38:47,78,-20.3428,57.7575,77.25,8.05
54,Carnarvon,0,AU,2021-12-15 00:38:48,60,-24.8667,113.6333,71.67,18.41
55,Northam,47,GB,2021-12-15 00:38:48,96,51.0333,-4.2167,53.42,11.77
56,Cape Town,75,ZA,2021-12-15 00:35:25,77,-33.9258,18.4232,63.12,1.99
57,Santa Cruz,90,BO,2021-12-15 00:36:31,83,-17.8,-63.1667,74.66,0.0
58,Port Elizabeth,0,ZA,2021-12-15 00:38:49,94,-33.918,25.5701,62.89,4.61
59,Mar Del Plata,75,AR,2021-12-15 00:35:01,88,-38.0023,-57.5575,69.1,3.0
60,Nome,1,US,2021-12-15 00:38:49,60,64.5011,-165.4064,-3.93,8.05
61,Berlevag,95,NO,2021-12-15 00:38:50,85,70.8578,29.0864,26.58,15.32
62,Saint-Raphael,22,HT,2021-12-15 00:38:50,96,19.4333,-72.2,68.7,5.64
63,New Norfolk,5,AU,2021-12-15 00:38:50,35,-42.7826,147.0587,72.75,4.0
64,San Cristobal,96,VE,2021-12-15 00:38:51,97,7.7669,-72.225,71.78,2.51
65,Saint-Nazaire,90,FR,2021-12-15 00:38:51,94,47.2833,-2.2,44.33,11.5
66,Touros,25,BR,2021-12-15 00:38:51,75,-5.1989,-35.4608,81.5,11.23
67,Sola,90,VU,2021-12-15 00:38:52,94,-13.8833,167.55,81.27,0.0
68,Dryden,1,CA,2021-12-15 00:35:45,74,49.7833,-92.7503,32.29,19.57
69,Hermanus,100,ZA,2021-12-15 00:34:41,73,-34.4187,19.2345,62.91,5.82
70,Lorengau,63,PG,2021-12-15 00:38:52,81,-2.0226,147.2712,83.41,13.65
71,Luderitz,0,NA,2021-12-15 00:38:52,82,-26.6481,15.1594,60.26,15.05
72,Ylivieska,46,FI,2021-12-15 00:38:53,96,64.0833,24.55,34.32,6.26
73,Ribeira Grande,73,PT,2021-12-15 00:38:53,70,38.5167,-28.7,61.27,13.4
74,Mucurapo,97,TT,2021-12-15 00:38:53,87,10.6667,-61.5333,78.26,8.66
75,Vaini,20,TO,2021-12-15 00:38:54,89,-21.2,-175.2,84.36,12.66
76,Zonguldak,100,TR,2021-12-15 00:38:54,98,41.25,31.8333,45.46,2.48
77,Bowen,43,AU,2021-12-15 00:38:54,64,-20.0167,148.2333,84.42,12.17
78,Semey,77,KZ,2021-12-15 00:38:55,92,50.4111,80.2275,5.07,8.79
79,Cap-Chat,100,CA,2021-12-15 00:38:55,64,49.1001,-66.6821,28.4,28.77
80,Lukulu,100,ZM,2021-12-15 00:38:55,92,-14.3707,23.242,65.14,2.82
81,Meulaboh,96,ID,2021-12-15 00:38:56,87,4.1363,96.1285,77.67,2.57
82,Ponta Do Sol,96,PT,2021-12-15 00:38:56,76,32.6667,-17.1,58.71,5.03
83,Port Macquarie,0,AU,2021-12-15 00:38:56,51,-31.4333,152.9167,78.89,7.11
84,Caloundra,0,AU,2021-12-15 00:38:56,56,-26.8,153.1333,85.35,5.01
85,Senador Jose Porfirio,97,BR,2021-12-15 00:38:57,84,-2.5908,-51.9542,79.12,3.67
86,Sfantu Gheorghe,100,RO,2021-12-15 00:38:57,95,45.8667,25.7833,33.93,4.29
87,Kaeo,98,NZ,2021-12-15 00:38:57,60,-35.1,173.7833,74.66,11.7
88,Marystown,100,CA,2021-12-15 00:38:58,100,47.1666,-55.1483,29.86,3.0
89,College,75,US,2021-12-15 00:38:58,67,64.8569,-147.8028,-31.41,0.0
90,Yellowknife,75,CA,2021-12-15 00:37:50,77,62.456,-114.3525,-8.88,5.75
91,Gornopravdinsk,99,RU,2021-12-15 00:38:59,96,60.05,69.9,19.08,6.02
92,Salalah,0,OM,2021-12-15 00:38:59,52,17.0151,54.0924,69.89,2.3
93,Kwekwe,100,ZW,2021-12-15 00:38:59,84,-18.9281,29.8149,63.05,4.21
94,Jiaocheng,77,CN,2021-12-15 00:39:59,71,24.6774,116.1389,65.79,1.34
95,Iquique,90,CL,2021-12-15 00:40:00,84,-20.2208,-70.1431,68.04,6.02
96,Kijang,61,KR,2021-12-15 00:40:00,59,35.2442,129.2139,38.93,6.2
97,Yatou,0,CN,2021-12-15 00:40:01,72,37.15,122.3833,41.92,4.99
98,Kargasok,100,RU,2021-12-15 00:40:01,93,59.0556,80.8572,-9.02,11.52
99,Atuona,73,PF,2021-12-15 00:36:14,72,-9.8,-139.0333,78.96,16.53
100,Vilyuysk,65,RU,2021-12-15 00:40:02,96,63.7553,121.6247,-37.07,7.58
101,Cidreira,100,BR,2021-12-15 00:40:02,92,-30.1811,-50.2056,71.17,20.45
102,Kuala Sungai Baru,100,MY,2021-12-15 00:40:02,84,2.3594,102.0353,78.94,3.6
103,Tukrah,73,LY,2021-12-15 00:36:24,65,32.5341,20.5791,58.64,18.28
104,Whitehorse,75,CA,2021-12-15 00:40:03,76,60.7161,-135.0538,-4.7,13.0
105,Lodja,100,CD,2021-12-15 00:40:03,94,-3.4833,23.4333,68.11,2.08
106,Ust-Tarka,100,RU,2021-12-15 00:40:03,94,55.5672,75.705,12.81,11.1
107,Geraldton,0,AU,2021-12-15 00:40:04,53,-28.7667,114.6,72.01,14.97
108,Saint Anthony,1,US,2021-12-15 00:40:04,78,45.0205,-93.218,39.25,1.01
109,Port Alfred,2,ZA,2021-12-15 00:36:13,83,-33.5906,26.891,66.52,17.2
110,Saint-Georges,75,GD,2021-12-15 00:40:04,89,12.0564,-61.7485,78.48,11.5
111,Bolshevik,100,BY,2021-12-15 00:40:05,90,54.0065,27.5692,28.02,9.33
112,Changtu,7,CN,2021-12-15 00:40:05,59,42.7788,124.0955,23.38,4.27
113,Puerto Ayora,59,EC,2021-12-15 00:36:13,93,-0.7393,-90.3518,68.56,3.0
114,Sinnamary,100,GF,2021-12-15 00:40:05,88,5.3833,-52.95,77.68,7.99
115,Adrar,6,MR,2021-12-15 00:40:06,24,20.5022,-10.0711,63.93,7.78
116,Lebanon,90,US,2021-12-15 00:40:06,69,36.2081,-86.2911,59.05,0.0
117,Tupik,95,RU,2021-12-15 00:40:07,99,54.4253,119.9327,-19.1,2.08
118,Arraial Do Cabo,100,BR,2021-12-15 00:36:15,90,-22.9661,-42.0278,76.06,26.37
119,East London,100,ZA,2021-12-15 00:38:52,79,-33.0153,27.9116,68.34,12.62
120,Broome,1,US,2021-12-15 00:40:07,65,42.2506,-75.833,39.36,3.0
121,Katsuura,0,JP,2021-12-15 00:36:12,67,35.1333,140.3,52.2,11.34
122,Faya,4,SA,2021-12-15 00:40:08,44,18.3851,42.4509,45.12,3.4
123,Jaciara,100,BR,2021-12-15 00:40:08,95,-15.9653,-54.9683,72.34,3.2
124,Tezu,97,IN,2021-12-15 00:40:08,41,27.9167,96.1667,58.32,3.85
125,Gimli,94,CA,2021-12-15 00:40:08,80,50.6336,-96.9907,32.02,8.05
126,Kailua,90,US,2021-12-15 00:38:50,78,21.4022,-157.7394,82.38,11.5
127,Bredasdorp,100,ZA,2021-12-15 00:36:16,79,-34.5322,20.0403,59.29,4.99
128,Vanavara,54,RU,2021-12-15 00:40:09,100,60.34,102.2797,-40.79,3.98
129,Uruguaiana,90,BR,2021-12-15 00:40:09,88,-29.7547,-57.0883,73.33,10.36
130,Lohja,35,FI,2021-12-15 00:40:10,100,60.2486,24.0653,34.52,4.99
131,Qaanaaq,96,GL,2021-12-15 00:40:10,96,77.484,-69.3632,-2.09,3.33
132,Koumac,5,NC,2021-12-15 00:40:10,55,-20.5667,164.2833,80.11,13.76
133,Camapua,93,BR,2021-12-15 00:40:11,97,-19.5314,-54.0439,72.48,3.4
134,Terrasini,48,IT,2021-12-15 00:40:11,86,38.146,13.0844,53.22,6.89
135,Sao Lourenco Do Sul,100,BR,2021-12-15 00:40:12,93,-31.3653,-51.9783,65.52,16.98
136,Albion,90,US,2021-12-15 00:40:12,77,42.2431,-84.753,44.85,6.91
137,Copiapo,0,CL,2021-12-15 00:41:12,59,-27.3667,-70.3333,56.89,3.2
138,Camacha,40,PT,2021-12-15 00:41:13,72,33.0833,-16.3333,54.82,4.61
139,Ostrovnoy,100,RU,2021-12-15 00:36:23,95,68.0531,39.5131,27.34,9.04
140,Sabya,2,SA,2021-12-15 00:41:13,75,17.1495,42.6254,74.82,7.58
141,Georgetown,20,MY,2021-12-15 00:38:43,85,5.4112,100.3354,80.53,1.99
142,Choix,6,MX,2021-12-15 00:41:13,32,26.7092,-108.3219,75.6,1.7
143,San Luis,0,AR,2021-12-15 00:36:59,83,-33.295,-66.3356,61.5,10.49
144,Kundiawa,90,PG,2021-12-15 00:41:14,82,-6.0167,144.9667,73.18,2.57
145,Naze,0,JP,2021-12-15 00:41:14,57,28.3667,129.4833,61.72,3.11
146,Marzuq,8,YE,2021-12-15 00:41:14,30,14.4,46.4667,52.03,1.72
147,Cayenne,40,GF,2021-12-15 00:41:15,89,4.9333,-52.3333,78.1,1.14
148,Puerto Varas,0,CL,2021-12-15 00:41:15,62,-41.3195,-72.9854,55.85,10.36
149,Southbridge,100,US,2021-12-15 00:41:15,33,42.0751,-72.0334,41.38,1.99
150,Eyrarbakki,91,IS,2021-12-15 00:41:16,72,63.863,-21.1481,38.01,14.56
151,Opuwo,28,NA,2021-12-15 00:41:16,37,-18.0607,13.84,70.02,3.67
152,Pangkalanbuun,80,ID,2021-12-15 00:41:16,84,-2.6833,111.6167,80.98,2.26
153,Guerrero Negro,92,MX,2021-12-15 00:41:17,70,27.9769,-114.0611,61.54,12.68
154,Chernyshevskiy,100,RU,2021-12-15 00:41:17,97,63.0128,112.4714,-24.88,7.07
155,Charters Towers,0,AU,2021-12-15 00:41:17,38,-20.1,146.2667,89.53,9.17
156,Liezen,100,AT,2021-12-15 00:41:18,97,47.5667,14.2333,39.94,1.77
157,Nelson Bay,0,AU,2021-12-15 00:41:18,49,-32.7167,152.15,85.28,6.46
158,Alice Springs,0,AU,2021-12-15 00:39:49,23,-23.7,133.8833,89.15,19.57
159,Torquay,22,GB,2021-12-15 00:41:19,97,50.4638,-3.5143,53.28,5.99
160,Oriximina,100,BR,2021-12-15 00:41:19,79,-1.7656,-55.8661,79.36,3.0
161,Tabat,100,ID,2021-12-15 00:41:19,87,-2.635,115.2274,79.23,0.83
162,Saint-Philippe,39,RE,2021-12-15 00:41:20,79,-21.3585,55.7679,76.59,12.66
163,Hasaki,0,JP,2021-12-15 00:36:21,68,35.7333,140.8333,43.29,7.29
164,Sarh,0,TD,2021-12-15 00:41:20,60,9.1429,18.3923,75.11,0.0
165,Makinsk,100,KZ,2021-12-15 00:41:20,82,52.6292,70.4169,11.55,13.65
166,Tura,100,IN,2021-12-15 00:41:21,86,25.5198,90.2201,56.93,3.49
167,Lebu,0,CL,2021-12-15 00:36:18,81,-37.6167,-73.65,54.3,14.43
168,Inhambane,100,MZ,2021-12-15 00:41:21,85,-23.865,35.3833,77.29,3.65
169,Lasa,100,IT,2021-12-15 00:41:21,69,46.6166,10.7002,40.08,5.93
170,Pokosnoye,100,RU,2021-12-15 00:41:22,96,55.5258,101.0536,-9.15,3.49
171,Clyde River,1,CA,2021-12-15 00:41:22,76,70.4692,-68.5914,-19.97,3.44
172,Houma,1,US,2021-12-15 00:40:02,91,29.5958,-90.7195,69.8,6.91
173,Nikolskoye,100,RU,2021-12-15 00:36:23,96,59.7035,30.7861,34.88,7.99
174,Sao Filipe,96,CV,2021-12-15 00:41:23,73,14.8961,-24.4956,74.71,7.36
175,Viedma,45,AR,2021-12-15 00:40:26,64,-40.8135,-62.9967,62.47,6.06
176,Barrow,1,US,2021-12-15 00:41:23,76,71.2906,-156.7887,-14.78,5.75
177,Jishou,100,CN,2021-12-15 00:41:23,83,28.3167,109.7167,52.43,1.25
178,Vardo,100,NO,2021-12-15 00:41:24,88,70.3705,31.1107,30.52,18.39
179,Calama,6,CL,2021-12-15 00:31:33,23,-22.4667,-68.9333,63.09,20.71
180,Termiz,75,UZ,2021-12-15 00:41:24,80,37.2242,67.2783,35.69,6.91
181,Maxixe,100,MZ,2021-12-15 00:41:24,86,-23.8597,35.3472,76.57,3.2
182,Mehamn,100,NO,2021-12-15 00:41:25,90,71.0357,27.8492,23.34,10.33
183,Tiksi,96,RU,2021-12-15 00:36:14,99,71.6872,128.8694,-31.41,3.24
184,Saint-Paul,34,RE,2021-12-15 00:42:25,73,-21.0096,55.2707,77.11,5.1
185,Beringovskiy,100,RU,2021-12-15 00:42:25,94,63.05,179.3167,17.46,30.8
186,Verkhnevilyuysk,65,RU,2021-12-15 00:42:26,95,63.4453,120.3167,-36.44,5.93
187,Djenne,100,ML,2021-12-15 00:42:26,14,13.9061,-4.5533,77.45,11.86
188,Taywarah,0,AF,2021-12-15 00:42:26,52,33.35,64.4167,13.91,1.68
189,Esperance,0,AU,2021-12-15 00:36:19,53,-33.8667,121.9,66.04,7.49
190,Lavrentiya,100,RU,2021-12-15 00:42:27,91,65.5833,-171.0,-12.46,11.92
191,Taoudenni,100,ML,2021-12-15 00:42:27,18,22.6783,-3.9836,69.94,15.1
192,Keelung,23,TW,2021-12-15 00:42:27,82,25.1283,121.7419,75.11,13.0
193,Muncar,22,ID,2021-12-15 00:42:28,71,-8.4333,114.3333,83.86,1.3
194,Port Blair,100,IN,2021-12-15 00:42:28,71,11.6667,92.75,79.11,11.48
195,Dingle,62,PH,2021-12-15 00:42:28,83,10.9995,122.6711,79.36,13.0
196,Kloulklubed,100,PW,2021-12-15 00:42:29,76,7.0419,134.2556,79.3,23.49
197,Saint George,90,US,2021-12-15 00:42:17,77,37.1041,-113.5841,54.63,8.99
198,Vale Da Amoreira,0,PT,2021-12-15 00:42:29,69,39.0697,-7.6985,47.61,5.64
199,Anadyr,90,RU,2021-12-15 00:42:30,77,64.75,177.4833,6.49,31.32
200,Umm Lajj,100,SA,2021-12-15 00:42:30,58,25.0213,37.2685,73.8,3.87
201,Isangel,75,VU,2021-12-15 00:42:30,79,-19.55,169.2667,84.31,10.36
202,Bograd,97,RU,2021-12-15 00:42:31,93,54.2344,90.8328,-7.85,2.39
203,Laguna,1,US,2021-12-15 00:32:27,71,38.421,-121.4238,52.09,1.99
204,Gamba,100,GA,2021-12-15 00:42:31,94,-2.65,10.0,76.15,4.12
205,Svetlogorsk,47,BY,2021-12-15 00:42:32,93,52.6333,29.7333,27.3,4.7
206,Mount Gambier,75,AU,2021-12-15 00:42:32,52,-37.8333,140.7667,66.11,13.8
207,Buluang,92,PH,2021-12-15 00:42:32,76,13.3068,123.3425,81.25,6.78
208,Klaksvik,5,FO,2021-12-15 00:42:33,76,62.2266,-6.589,45.52,28.07
209,Brentwood,40,US,2021-12-15 00:42:33,55,40.7812,-73.2462,49.98,6.91
210,Riyadh,100,SA,2021-12-15 00:41:31,28,24.6877,46.7219,55.54,7.61
211,Hovd,100,MN,2021-12-15 00:42:33,84,48.0056,91.6419,2.77,4.36
212,Bani Walid,0,LY,2021-12-15 00:42:34,80,31.7566,13.9942,49.3,10.78
213,Rabo De Peixe,20,PT,2021-12-15 00:42:09,92,37.8,-25.5833,56.28,5.75
214,Maragogi,95,BR,2021-12-15 00:42:34,80,-9.0122,-35.2225,77.9,7.45
215,Tucuman,75,AR,2021-12-15 00:42:34,78,-26.8241,-65.2226,75.2,3.44
216,Tokur,100,RU,2021-12-15 00:42:35,97,53.1333,132.9,-17.0,2.82
217,Ancud,47,CL,2021-12-15 00:42:35,75,-41.8697,-73.8203,54.93,4.0
218,Gizo,87,SB,2021-12-15 00:42:35,72,-8.103,156.8419,85.39,9.35
219,Mecca,100,SA,2021-12-15 00:38:18,64,21.4267,39.8261,71.47,3.38
220,Tamandare,77,BR,2021-12-15 00:42:36,81,-8.7597,-35.1047,77.5,6.93
221,Shibetsu,20,JP,2021-12-15 00:42:36,93,43.659,145.132,38.1,2.3
222,Jingdezhen,0,CN,2021-12-15 00:42:37,65,29.2947,117.2079,58.35,1.81
223,Sept-Iles,20,CA,2021-12-15 00:42:37,71,50.2001,-66.3821,23.52,5.99
224,Thompson,90,CA,2021-12-15 00:42:37,85,55.7435,-97.8558,14.16,6.91
225,Qasigiannguit,12,GL,2021-12-15 00:42:38,81,68.8193,-51.1922,0.93,4.07
226,Antalaha,19,MG,2021-12-15 00:42:38,89,-14.9003,50.2788,72.1,6.51
227,Kaohsiung,20,TW,2021-12-15 00:43:38,78,22.6163,120.3133,73.35,3.0
228,Toora-Khem,100,RU,2021-12-15 00:43:39,97,52.4675,96.11,-11.22,1.68
229,Hue,75,VN,2021-12-15 00:43:39,94,16.4667,107.6,68.11,3.44
230,Birjand,0,IR,2021-12-15 00:43:39,35,32.8663,59.2211,18.07,6.91
231,Paamiut,100,GL,2021-12-15 00:43:40,80,61.994,-49.6678,23.38,4.74
232,Qui Nhon,72,VN,2021-12-15 00:43:40,89,13.7667,109.2333,74.68,9.86
233,Aklavik,75,CA,2021-12-15 00:43:40,76,68.2191,-135.0107,-14.8,8.05
234,Cassia,100,BR,2021-12-15 00:43:41,94,-20.5831,-46.9219,70.54,1.03
235,Pompeu,100,BR,2021-12-15 00:42:19,97,-19.2244,-44.9353,67.46,1.92
236,Souillac,40,MU,2021-12-15 00:43:41,78,-20.5167,57.5167,77.38,8.05
237,Cardston,100,CA,2021-12-15 00:43:42,78,49.2,-113.3019,8.89,3.44
238,Hualmay,4,PE,2021-12-15 00:43:42,86,-11.0964,-77.6139,68.11,9.71
239,Lakes Entrance,100,AU,2021-12-15 00:43:42,74,-37.8811,147.981,81.57,12.48
240,Torbay,90,CA,2021-12-15 00:43:43,84,47.6666,-52.7314,28.58,17.27
241,Calatayud,2,ES,2021-12-15 00:43:43,64,41.3535,-1.6432,48.78,0.22
242,Itacarambi,100,BR,2021-12-15 00:43:44,98,-15.1022,-44.0919,71.19,4.27
243,Grindavik,75,IS,2021-12-15 00:43:44,87,63.8424,-22.4338,37.9,17.27
244,Pontalina,100,BR,2021-12-15 00:43:44,97,-17.525,-49.4472,69.49,3.98
245,Parincea,75,RO,2021-12-15 00:43:45,81,46.4833,27.1,33.57,13.8
246,Karpogory,100,RU,2021-12-15 00:43:45,96,64.0019,44.4451,27.93,8.52
247,Gualeguaychu,8,AR,2021-12-15 00:43:45,88,-33.0094,-58.5172,72.03,10.11
248,Iquitos,40,PE,2021-12-15 00:43:46,89,-3.7481,-73.2472,80.64,2.3
249,Ardmore,1,US,2021-12-15 00:43:46,81,34.1743,-97.1436,69.31,5.99
250,Mehriz,15,IR,2021-12-15 00:43:46,42,31.5917,54.4318,41.14,1.07
251,San Andres,75,CO,2021-12-15 00:41:27,89,12.5847,-81.7006,78.82,6.91
252,Chapais,100,CA,2021-12-15 00:43:47,100,49.7834,-74.8492,10.18,3.0
253,Roma,1,US,2021-12-15 00:43:02,66,43.2128,-75.4557,37.67,6.91
254,Leh,72,IN,2021-12-15 00:43:47,88,34.1667,77.5833,3.29,0.87
255,Bengkulu,7,ID,2021-12-15 00:43:48,80,-3.8004,102.2655,78.42,2.62
256,Mahibadhoo,100,MV,2021-12-15 00:43:48,80,3.7833,72.9667,80.33,20.38
257,Santa Isabel Do Rio Negro,100,BR,2021-12-15 00:43:48,92,-0.4139,-65.0192,75.65,2.35
258,Noumea,11,NC,2021-12-15 00:41:14,99,-22.2763,166.4572,84.18,11.16
259,Chokurdakh,100,RU,2021-12-15 00:36:25,95,70.6333,147.9167,-18.06,7.7
260,Male,100,MV,2021-12-15 00:43:49,82,4.1748,73.5089,78.89,19.39
261,Svetlyy,100,RU,2021-12-15 00:43:49,85,54.675,20.1347,39.96,12.82
262,La Ronge,90,CA,2021-12-15 00:36:22,85,55.1001,-105.2842,8.85,8.05
263,Kirkwall,90,GB,2021-12-15 00:43:50,93,58.9848,-2.9587,50.34,11.5
264,Gat,42,IL,2021-12-15 00:43:50,100,31.61,34.7642,60.82,8.3
265,Zhuanghe,0,CN,2021-12-15 00:43:50,64,39.7008,122.9911,35.96,3.53
266,Ilulissat,12,GL,2021-12-15 00:43:51,82,69.2167,-51.1,1.69,3.18
267,Salumbar,50,IN,2021-12-15 00:43:51,45,24.1333,74.05,58.48,6.87
268,Mana,94,GF,2021-12-15 00:43:51,88,5.6592,-53.7767,77.9,7.14
269,Sumbuya,99,SL,2021-12-15 00:43:51,92,7.6467,-11.9611,76.51,1.48
270,Teacapan,100,MX,2021-12-15 00:44:52,74,22.55,-105.75,74.21,8.72
271,Puerto Baquerizo Moreno,46,EC,2021-12-15 00:44:52,89,-0.9,-89.6,68.47,9.24
272,Fairbanks,75,US,2021-12-15 00:35:33,65,64.8378,-147.7164,-31.4,0.0
273,Hofn,8,IS,2021-12-15 00:44:53,81,64.2539,-15.2082,36.88,11.74
274,Sitka,75,US,2021-12-15 00:44:53,64,57.0531,-135.33,30.09,4.61
275,Mingyue,5,CN,2021-12-15 00:44:53,68,43.1069,128.9217,24.15,5.61
276,Rawson,12,AR,2021-12-15 00:40:50,64,-43.3002,-65.1023,58.03,8.63
277,Skelleftea,90,SE,2021-12-15 00:44:54,69,64.7507,20.9528,26.96,1.01
278,Bac Lieu,57,VN,2021-12-15 00:44:54,80,9.285,105.7244,78.04,9.42
279,Santa Cruz Cabralia,20,BR,2021-12-15 00:44:54,94,-16.2781,-39.0247,77.23,4.61
280,Pisco,0,PE,2021-12-15 00:44:55,82,-13.7,-76.2167,66.25,18.41
281,Cherskiy,100,RU,2021-12-15 00:44:55,82,68.75,161.3,-18.78,4.54
282,Mamou,100,GN,2021-12-15 00:44:55,39,10.5,-12.0,70.9,2.26
283,Bijapur,100,IN,2021-12-15 00:40:10,82,16.8333,75.7,67.44,10.09
284,Rio Grande,100,BR,2021-12-15 00:44:56,85,-32.035,-52.0986,67.28,17.78
285,Brownsville,1,US,2021-12-15 00:44:26,83,25.9018,-97.4975,77.11,3.0
286,Dharampuri,100,IN,2021-12-15 00:44:56,59,22.1667,75.35,66.9,5.14
287,Mariental,3,NA,2021-12-15 00:44:57,16,-24.6333,17.9667,71.11,1.59
288,Ternate,91,ID,2021-12-15 00:44:57,74,0.8,127.4,83.73,7.31
289,San Patricio,100,US,2021-12-15 00:44:57,89,28.017,-97.5169,75.88,12.1
290,Barcelos,54,PT,2021-12-15 00:42:19,62,41.5388,-8.6151,52.68,5.41
291,Storsteinnes,100,NO,2021-12-15 00:36:18,83,69.2408,19.2344,35.38,7.67
292,Saldanha,100,ZA,2021-12-15 00:44:58,81,-33.0117,17.9442,59.05,11.88
293,Tilichiki,100,RU,2021-12-15 00:44:58,93,60.4667,166.1,7.39,15.32
294,Eureka,27,US,2021-12-15 00:44:59,86,40.8021,-124.1637,46.92,3.74
295,Omboue,100,GA,2021-12-15 00:44:59,89,-1.5746,9.2618,77.49,5.23
296,Goldsboro,1,US,2021-12-15 00:40:32,62,35.3849,-77.9928,51.94,4.61
297,Provideniya,90,RU,2021-12-15 00:44:59,77,64.3833,-173.3,-3.89,17.9
298,West Wendover,90,US,2021-12-15 00:45:00,75,40.7391,-114.0733,36.61,40.29
299,Kilindoni,32,TZ,2021-12-15 00:45:00,73,-7.9139,39.6668,81.0,8.81
300,Kelheim,100,DE,2021-12-15 00:45:00,95,48.9167,11.8667,38.62,1.72
301,Port Lincoln,0,AU,2021-12-15 00:45:01,58,-34.7333,135.8667,67.17,9.93
302,Longyearbyen,0,SJ,2021-12-15 00:45:01,69,78.2186,15.6401,28.24,13.8
303,Nizhnyaya Omka,100,RU,2021-12-15 00:45:01,93,55.4338,74.9426,15.08,10.49
304,Anori,88,BR,2021-12-15 00:45:02,92,-3.7728,-61.6442,75.94,2.73
305,Lewiston,1,US,2021-12-15 00:40:33,52,44.1003,-70.2148,32.49,4.61
306,Ralivka,98,UA,2021-12-15 00:45:02,95,49.5005,23.2406,24.01,4.9
307,Havelock,0,US,2021-12-15 00:45:03,73,34.8791,-76.9013,51.94,6.2
308,Abu Samrah,44,SY,2021-12-15 00:45:03,79,35.3029,37.1841,52.14,5.06
309,Lumberton,0,US,2021-12-15 00:45:03,48,34.6182,-79.0086,51.89,6.67
310,Rognan,100,NO,2021-12-15 00:45:04,85,67.0953,15.3878,41.14,9.89
311,Seoul,90,KR,2021-12-15 00:42:27,93,37.5683,126.9778,42.37,2.3
312,Lata,5,PT,2021-12-15 00:45:04,68,40.1629,-8.3327,47.8,4.79
313,Belmonte,100,BR,2021-12-15 00:46:04,87,-15.8631,-38.8828,77.5,8.16
314,Popondetta,100,PG,2021-12-15 00:46:05,69,-8.7537,148.2534,87.39,1.95
315,Nanortalik,100,GL,2021-12-15 00:46:05,85,60.1432,-45.2371,32.14,1.68
316,Eenhana,100,NA,2021-12-15 00:46:05,77,-17.4667,16.3333,69.94,5.41
317,Den Helder,90,NL,2021-12-15 00:46:06,95,52.9599,4.7593,51.78,13.0
318,Grabs,91,CH,2021-12-15 00:46:06,98,47.1825,9.4439,41.0,1.01
319,Hay River,20,CA,2021-12-15 00:45:04,77,60.8156,-115.7999,-13.02,5.75
320,Ewa Beach,75,US,2021-12-15 00:43:59,70,21.3156,-158.0072,82.35,10.36
321,Padang,99,ID,2021-12-15 00:46:07,88,-0.9492,100.3543,78.85,3.44
322,Paragould,100,US,2021-12-15 00:46:07,89,36.0584,-90.4973,61.84,9.24
323,Nouadhibou,0,MR,2021-12-15 00:46:07,88,20.931,-17.0347,62.58,11.5
324,Goderich,100,CA,2021-12-15 00:46:08,70,43.7501,-81.7165,38.21,10.36
325,Yerofey Pavlovich,10,RU,2021-12-15 00:46:08,79,53.9667,121.9667,-16.51,3.27
326,Champerico,10,GT,2021-12-15 00:46:08,74,14.3,-91.9167,84.74,5.44
327,Vila Velha,0,BR,2021-12-15 00:46:09,88,-20.3297,-40.2925,78.75,4.0
328,Saskylakh,90,RU,2021-12-15 00:46:09,95,71.9167,114.0833,-22.04,4.63
329,Vytegra,100,RU,2021-12-15 00:46:09,95,61.0064,36.4481,27.43,11.01
330,Acajutla,2,SV,2021-12-15 00:46:09,65,13.5928,-89.8275,86.34,1.97
331,Golden,40,US,2021-12-15 00:44:57,32,39.7555,-105.2211,57.69,1.99
332,Progreso,81,MX,2021-12-15 00:45:15,80,21.2833,-89.6667,80.11,18.03
333,Zhezkazgan,0,KZ,2021-12-15 00:46:14,78,47.8043,67.7144,3.18,8.95
334,Castro,100,BR,2021-12-15 00:46:14,99,-24.7911,-50.0119,66.29,5.79
335,Xiaoweizhai,100,CN,2021-12-15 00:46:14,94,26.1903,107.5125,52.05,3.02
336,Haines Junction,99,CA,2021-12-15 00:46:15,69,60.7522,-137.5108,-18.45,1.14
337,Pitimbu,89,BR,2021-12-15 00:42:53,76,-7.4706,-34.8086,79.39,9.66
338,Deputatskiy,100,RU,2021-12-15 00:36:17,99,69.3,139.9,-25.58,0.38
339,Hervey Bay,0,AU,2021-12-15 00:46:15,61,-25.2986,152.8535,87.04,4.0
340,North Bend,90,US,2021-12-15 00:46:16,91,43.4065,-124.2243,42.71,9.22
341,Angoram,100,PG,2021-12-15 00:46:16,83,-4.0625,144.0661,81.18,3.02
342,Tambura,95,SS,2021-12-15 00:46:17,35,5.6,27.4667,77.99,2.51
343,South Shields,20,GB,2021-12-15 00:46:17,82,54.9986,-1.4323,48.85,8.05
344,Coquimbo,0,CL,2021-12-15 00:46:18,77,-29.9533,-71.3436,62.33,10.36
345,Sangar,100,RU,2021-12-15 00:46:18,95,63.9242,127.4739,-33.77,6.24
346,Santa Maria,90,BR,2021-12-15 00:45:18,94,-29.6842,-53.8069,65.5,10.36
347,Kattivakkam,47,IN,2021-12-15 00:46:18,78,13.2167,80.3167,81.07,13.2
348,Aksu,100,CN,2021-12-15 00:46:19,52,41.1231,80.2644,24.22,3.71
349,Wanaka,100,NZ,2021-12-15 00:46:19,79,-44.7,169.15,58.1,1.01
350,Tuatapere,100,NZ,2021-12-15 00:46:19,52,-46.1333,167.6833,67.82,8.14
351,Fort Nelson,40,CA,2021-12-15 00:46:20,76,58.8053,-122.7002,-24.21,0.0
352,Bathsheba,40,BB,2021-12-15 00:46:20,74,13.2167,-59.5167,81.21,19.57
353,San Juan,77,AR,2021-12-15 00:46:20,48,-31.5375,-68.5364,72.66,14.43
354,Tairua,100,NZ,2021-12-15 00:46:21,93,-37.0167,175.85,68.09,10.11
355,Plouzane,90,FR,2021-12-15 00:46:21,96,48.3833,-4.6167,50.32,3.44
356,Xining,44,CN,2021-12-15 00:46:21,41,36.6167,101.7667,21.85,0.76
357,Kurumkan,31,RU,2021-12-15 00:46:22,93,54.3,110.3,-17.01,4.36
358,Bensonville,68,LR,2021-12-15 00:46:22,90,6.4461,-10.6125,76.91,3.42
359,Yar-Sale,92,RU,2021-12-15 00:46:22,97,66.8333,70.8333,5.5,6.17
360,Adre,97,TD,2021-12-15 00:46:23,33,13.4667,22.2,69.33,9.93
361,Fortuna,1,US,2021-12-15 00:46:23,86,40.5982,-124.1573,45.66,1.01
362,Cooma,94,AU,2021-12-15 00:46:23,41,-36.2333,149.1333,78.57,16.11
363,Alyangula,15,AU,2021-12-15 00:47:23,66,-13.8483,136.4192,89.47,9.22
364,Ayan,97,RU,2021-12-15 00:47:24,68,56.45,138.1667,-7.67,19.82
365,Sabang,94,ID,2021-12-15 00:47:24,75,5.8933,95.3214,82.27,17.13
366,Asfi,100,MA,2021-12-15 00:47:24,59,32.2994,-9.2372,61.07,5.64
367,Amos,100,CA,2021-12-15 00:47:25,96,48.5669,-78.1162,13.98,1.81
368,Auki,100,SB,2021-12-15 00:47:25,84,-8.7676,160.7034,83.32,10.13
369,Quba,63,AZ,2021-12-15 00:47:26,53,41.3626,48.5152,43.97,4.79
370,Ulverstone,100,AU,2021-12-15 00:44:59,60,-41.15,146.1667,68.29,8.68
371,Aktau,21,KZ,2021-12-15 00:47:26,71,43.65,51.2,27.18,28.63
372,Bose,97,IT,2021-12-15 00:47:26,76,45.4612,8.0137,42.17,2.68
373,Asasa,69,ET,2021-12-15 00:47:27,76,7.1,39.2,52.39,3.44
374,Awbari,18,LY,2021-12-15 00:47:27,58,26.5921,12.7805,45.03,3.33
375,Idil,5,TR,2021-12-15 00:47:27,33,37.3411,41.8895,47.05,5.01
376,Bundaberg,0,AU,2021-12-15 00:47:28,44,-24.85,152.35,87.22,5.01
377,Warrnambool,0,AU,2021-12-15 00:47:28,64,-38.3833,142.4833,65.8,13.02
378,Pevek,96,RU,2021-12-15 00:47:28,90,69.7008,170.3133,-25.02,3.49
379,Kaitangata,100,NZ,2021-12-15 00:47:29,77,-46.2817,169.8464,59.94,16.84
380,Erdaojiang,88,CN,2021-12-15 00:47:29,92,41.7764,126.0319,22.28,1.14
381,Jupiter,36,US,2021-12-15 00:47:29,85,26.9342,-80.0942,77.05,8.01
382,Yulara,100,AU,2021-12-15 00:47:30,50,-25.2406,130.9889,78.64,12.66
383,Rorvik,56,NO,2021-12-15 00:47:30,77,64.8621,11.2373,45.28,31.36
384,Pacific Grove,39,US,2021-12-15 00:47:30,73,36.6177,-121.9166,51.48,4.0
385,Naro,1,IT,2021-12-15 00:47:31,84,37.2935,13.7936,43.88,5.95
386,Goundam,100,ML,2021-12-15 00:47:31,20,16.4145,-3.6708,79.05,10.29
387,Beidao,100,CN,2021-12-15 00:47:31,83,34.5686,105.8933,36.3,2.28
388,Lively,100,CA,2021-12-15 00:47:31,79,46.4334,-81.1498,29.21,6.46
389,Singarayakonda,100,IN,2021-12-15 00:47:32,79,15.25,80.0333,72.9,7.27
390,Soyo,100,AO,2021-12-15 00:47:32,90,-6.1349,12.3689,78.49,5.55
391,Skibbereen,68,IE,2021-12-15 00:47:32,94,51.55,-9.2667,51.6,12.37
392,Kruisfontein,0,ZA,2021-12-15 00:47:33,89,-34.0033,24.7314,57.88,2.71
393,Airai,9,TL,2021-12-15 00:47:33,50,-8.9266,125.4092,75.0,1.39
394,San-Pedro,100,CI,2021-12-15 00:47:33,87,4.7485,-6.6363,79.03,6.8
395,Bahir Dar,96,ET,2021-12-15 00:47:34,45,11.5936,37.3908,58.32,3.76
396,Jasper,40,US,2021-12-15 00:47:34,77,37.2001,-94.3502,66.0,10.0
397,Hamilton,90,US,2021-12-15 00:47:13,58,39.1834,-84.5333,54.45,0.0
398,Chuy,93,UY,2021-12-15 00:47:35,87,-33.6971,-53.4616,67.75,8.59
399,Bakchar,32,RU,2021-12-15 00:47:35,98,57.0186,82.0711,-15.39,6.29
400,Puerto Narino,100,CO,2021-12-15 00:47:36,95,-3.7703,-70.3831,76.95,2.62
401,Paita,41,PE,2021-12-15 00:47:36,85,-5.0892,-81.1144,68.56,13.58
402,Chamba,0,IN,2021-12-15 00:47:36,41,32.5667,76.1333,41.49,10.0
403,Takoradi,91,GH,2021-12-15 00:44:04,83,4.8845,-1.7554,79.97,7.09
404,Madang,100,PG,2021-12-15 00:47:37,78,-5.2246,145.7966,82.8,2.77
405,Camana,98,PE,2021-12-15 00:47:37,86,-16.6228,-72.7111,69.21,6.44
406,Ashtabula,1,US,2021-12-15 00:47:37,90,41.7001,-80.7665,45.32,3.44
407,Richards Bay,15,ZA,2021-12-15 00:47:38,89,-28.783,32.0377,69.55,2.91
408,Bjerringbro,100,DK,2021-12-15 00:47:38,88,56.378,9.6607,46.81,15.79
409,Mitsamiouli,47,KM,2021-12-15 00:47:38,77,-11.3847,43.2844,79.81,12.3
410,Qeshm,60,IR,2021-12-15 00:47:39,54,26.9581,56.2719,58.89,9.48
411,Zanjan,100,IR,2021-12-15 00:48:39,55,36.6736,48.4787,39.27,6.93
412,Sechura,11,PE,2021-12-15 00:48:39,75,-5.5569,-80.8222,70.36,16.04
413,Half Moon Bay,40,US,2021-12-15 00:48:40,77,37.4636,-122.4286,50.25,11.5
414,Lutkun,80,RU,2021-12-15 00:48:40,45,41.4808,47.6858,44.15,12.62
415,Kingaroy,0,AU,2021-12-15 00:48:40,47,-26.5333,151.8333,77.04,5.75
416,Vao,32,NC,2021-12-15 00:48:41,65,-22.6667,167.4833,76.03,18.32
417,Smoky Lake,100,CA,2021-12-15 00:48:41,84,54.1169,-112.4686,0.36,8.05
418,Katangli,5,RU,2021-12-15 00:48:41,88,51.7102,143.2326,1.72,8.01
419,Fairview,1,US,2021-12-15 00:48:42,37,40.8126,-73.999,49.21,5.75
420,Taksimo,71,RU,2021-12-15 00:48:42,93,56.3444,114.8794,-28.71,2.01
421,Constitucion,2,CL,2021-12-15 00:48:09,79,-35.3333,-72.4167,54.0,12.35
422,Soe,1,ID,2021-12-15 00:48:43,50,-9.8607,124.284,80.62,1.32
423,Kardla,99,EE,2021-12-15 00:48:43,93,58.9978,22.7492,37.02,8.81
424,Atar,0,MR,2021-12-15 00:48:43,19,20.5169,-13.0499,67.8,3.87
425,Salinopolis,100,BR,2021-12-15 00:44:17,82,-0.6136,-47.3561,80.49,11.79
426,Bandarbeyla,24,SO,2021-12-15 00:48:44,69,9.4942,50.8122,74.61,14.16
427,Concepcion Del Oro,74,MX,2021-12-15 00:46:13,35,24.6333,-101.4167,59.85,7.72
428,Wuzhou,5,CN,2021-12-15 00:48:44,62,23.4833,111.3167,64.47,1.72
429,Olinda,40,BR,2021-12-15 00:48:44,69,-8.0089,-34.8553,82.13,9.22
430,Asau,90,RO,2021-12-15 00:48:45,96,46.4333,26.4,33.76,2.13
431,Burns Lake,100,CA,2021-12-15 00:48:45,74,54.2331,-125.7533,4.42,4.27
432,Dunedin,100,NZ,2021-12-15 00:48:45,83,-45.8742,170.5036,56.8,4.0
433,Norman Wells,40,CA,2021-12-15 00:48:46,67,65.282,-126.8329,-36.36,2.3
434,Pozoblanco,8,ES,2021-12-15 00:48:46,73,38.3791,-4.8483,32.58,2.44
435,Ust-Kulom,99,RU,2021-12-15 00:48:46,95,61.6864,53.6902,18.81,6.55
436,Shunyi,0,CN,2021-12-15 00:48:47,93,40.125,116.6453,22.95,2.24
437,Filadelfia,1,US,2021-12-15 00:45:58,59,39.9523,-75.1638,47.46,0.0
438,Inowroclaw,100,PL,2021-12-15 00:48:47,100,52.7989,18.2639,39.11,5.73
439,Tynda,22,RU,2021-12-15 00:48:47,86,55.1667,124.7167,-27.36,4.09
440,Genhe,67,CN,2021-12-15 00:48:48,93,50.7833,121.5167,-11.16,0.69
441,Pangody,97,RU,2021-12-15 00:48:48,96,65.85,74.4859,6.67,5.68
442,North Platte,1,US,2021-12-15 00:45:49,43,41.1239,-100.7654,50.25,5.01
443,Sioux Lookout,40,CA,2021-12-15 00:48:48,80,50.1001,-91.917,32.38,8.05
444,Wufeng,100,CN,2021-12-15 00:48:49,98,27.45,104.8333,37.17,2.77
445,Privolnyy,100,RU,2021-12-15 00:48:49,80,44.0998,46.6587,47.39,23.82
446,Nemuro,4,JP,2021-12-15 00:48:49,84,43.3236,145.575,37.83,14.52
447,Port Hardy,90,CA,2021-12-15 00:45:05,87,50.6996,-127.4199,41.0,14.97
448,Kendari,100,ID,2021-12-15 00:48:50,75,-3.945,122.4989,83.77,2.57
449,Anloga,100,GH,2021-12-15 00:48:50,83,5.7947,0.8973,82.62,10.04
450,Nyagan,100,RU,2021-12-15 00:48:50,95,62.1406,65.3936,17.22,5.57
451,Kannur,100,IN,2021-12-15 00:48:51,76,11.8675,75.3576,75.58,8.52
452,Talnakh,100,RU,2021-12-15 00:48:51,98,69.4865,88.3972,-9.8,15.35
453,Muros,33,ES,2021-12-15 00:48:51,96,42.7762,-9.0603,51.24,5.55
454,Grand Gaube,6,MU,2021-12-15 00:48:52,71,-20.0064,57.6608,77.4,11.99
455,Hobyo,97,SO,2021-12-15 00:48:52,75,5.3505,48.5268,78.66,19.69
456,Novo Aripuana,78,BR,2021-12-15 00:48:52,97,-5.1206,-60.3797,74.84,0.74
457,Iqaluit,90,CA,2021-12-15 00:48:53,78,63.7506,-68.5145,-2.47,19.57
458,Lagoa,25,PT,2021-12-15 00:49:53,69,39.05,-27.9833,60.3,12.84
459,Kapoeta,47,SS,2021-12-15 00:49:53,47,4.7717,33.5903,80.31,14.27
460,Te Anau,100,NZ,2021-12-15 00:48:20,46,-45.4167,167.7167,69.39,2.01
461,Tateyama,0,JP,2021-12-15 00:49:54,56,34.9833,139.8667,53.87,13.76
462,Siverek,83,TR,2021-12-15 00:49:54,45,37.755,39.3167,47.01,9.13
463,Nuuk,90,GL,2021-12-15 00:49:54,86,64.1835,-51.7216,25.41,3.44
464,Yarada,40,IN,2021-12-15 00:49:55,83,17.65,83.2667,68.32,2.3
465,Walvis Bay,1,NA,2021-12-15 00:49:55,82,-22.9575,14.5053,59.09,4.61
466,Loandjili,40,CG,2021-12-15 00:49:55,94,-4.7561,11.8578,78.91,2.3
467,Lappeenranta,90,FI,2021-12-15 00:49:55,99,61.0587,28.1887,32.81,6.91
468,Maridi,100,SS,2021-12-15 00:49:56,37,4.9158,29.4742,79.7,2.08
469,Guaraciaba Do Norte,100,BR,2021-12-15 00:49:56,67,-4.1669,-40.7475,73.22,6.2
470,Ville-Marie,100,CA,2021-12-15 00:49:56,93,47.3335,-79.433,19.4,2.53
471,Shetpe,52,KZ,2021-12-15 00:49:57,69,44.1667,52.1167,30.36,23.62
472,Jamkhed,100,IN,2021-12-15 00:49:57,58,18.7362,75.3121,67.77,8.23
473,Bushehr,100,IR,2021-12-15 00:49:57,69,28.9684,50.8385,67.75,5.46
474,Hartford,68,US,2021-12-15 00:47:23,64,41.7668,-72.7662,43.45,3.44
475,Namatanai,98,PG,2021-12-15 00:49:58,70,-3.6667,152.4333,85.73,10.25
476,Verkhnyaya Inta,94,RU,2021-12-15 00:49:58,96,65.9811,60.3094,12.16,8.39
477,Zheleznodorozhnyy,86,RU,2021-12-15 00:49:58,100,55.7503,38.0042,27.01,3.18
478,Murgab,90,TM,2021-12-15 00:49:59,93,37.4966,61.9714,28.27,6.91
479,Port Hueneme,1,US,2021-12-15 00:49:59,73,34.1478,-119.1951,52.54,31.07
480,Wahpeton,1,US,2021-12-15 00:49:59,86,46.2652,-96.6059,35.94,21.85
481,Praia Da Vitoria,75,PT,2021-12-15 00:50:00,88,38.7333,-27.0667,60.76,6.89
482,Rivers,100,CA,2021-12-15 00:50:00,97,50.0308,-100.2403,25.75,7.78
483,Los Llanos De Aridane,75,ES,2021-12-15 00:50:00,85,28.6585,-17.9182,60.55,5.01
484,Neijiang,100,CN,2021-12-15 00:50:01,81,29.5835,105.0622,50.79,1.45
485,Port Hedland,3,AU,2021-12-15 00:50:01,52,-20.3167,118.5667,91.45,16.11
486,Narsaq,100,GL,2021-12-15 00:50:01,80,60.9167,-46.05,21.81,3.04
487,Codrington,0,AU,2021-12-15 00:50:02,53,-38.2667,141.9667,64.92,13.82
488,Kearney,1,US,2021-12-15 00:46:34,60,40.6995,-99.0815,47.98,8.99
489,Montepuez,100,MZ,2021-12-15 00:50:02,81,-13.1256,38.9997,72.03,7.07
490,San Quintin,91,MX,2021-12-15 00:50:02,76,30.4833,-115.95,60.89,12.46
491,Palana,100,RU,2021-12-15 00:50:03,91,59.1167,159.9667,8.92,18.54
492,Saint-Francois,90,FR,2021-12-15 00:50:03,98,46.4154,3.9054,35.04,4.61
493,Pisz,100,PL,2021-12-15 00:50:03,98,53.6274,21.8125,35.85,6.17
494,Waingapu,2,ID,2021-12-15 00:50:04,69,-9.6567,120.2641,84.42,3.83
495,Redange,100,LU,2021-12-15 00:50:04,96,49.7656,5.8908,42.93,0.98
496,Sambava,8,MG,2021-12-15 00:50:04,88,-14.2667,50.1667,73.45,7.85
497,Hauterive,100,FR,2021-12-15 00:50:05,85,46.0901,3.4459,35.38,0.89
498,Rock Springs,1,US,2021-12-15 00:50:01,54,41.5875,-109.2029,40.44,5.99
499,Clarence Town,0,AU,2021-12-15 00:50:05,31,-32.5833,151.7833,85.28,1.72
500,Mulchen,0,CL,2021-12-15 00:48:10,51,-37.7167,-72.2333,61.09,7.4
501,Juneau,100,US,2021-12-15 00:47:22,96,58.3019,-134.4197,23.05,6.4
502,Tommot,100,RU,2021-12-15 00:50:06,92,58.9564,126.2925,-19.3,9.78
503,Marrakesh,0,MA,2021-12-15 00:50:06,54,31.6315,-8.0083,53.67,2.3
504,Andra,99,RU,2021-12-15 00:50:06,98,62.5147,65.8878,9.7,2.48
505,Alekseyevka,100,RU,2021-12-15 00:50:07,90,50.6309,38.6903,32.22,3.85
506,Uglich,100,RU,2021-12-15 00:50:07,98,57.5275,38.3317,26.94,5.46
507,Vestmanna,75,FO,2021-12-15 00:51:07,70,62.1564,-7.1664,43.72,16.11
508,Houston,75,US,2021-12-15 00:47:14,82,29.7633,-95.3633,76.12,11.99
509,Tabuk,48,PH,2021-12-15 00:51:08,75,17.4189,121.4443,73.78,2.55
510,Lincoln,1,US,2021-12-15 00:51:08,81,40.8,-96.667,55.35,5.01
511,Buala,100,SB,2021-12-15 00:51:08,80,-8.145,159.5921,84.79,11.54
512,Brae,100,GB,2021-12-15 00:51:09,89,60.3964,-1.353,48.11,19.77
513,Jalu,27,LY,2021-12-15 00:51:09,70,29.0331,21.5482,53.58,7.83
514,Bereda,0,ES,2021-12-15 00:51:09,88,43.2686,-7.5406,42.42,1.45
515,Praia,75,CV,2021-12-15 00:51:10,78,14.9215,-23.5087,73.94,16.11
516,Cockburn Town,0,TC,2021-12-15 00:51:10,74,21.4612,-71.1419,80.01,22.53
517,Hambantota,20,LK,2021-12-15 00:51:10,100,6.1241,81.1185,75.54,1.14
518,Belogorsk,6,RU,2021-12-15 00:51:11,92,50.9158,128.4611,-15.07,6.4
519,Raudeberg,100,NO,2021-12-15 00:51:11,93,61.9875,5.1352,48.2,8.01
520,Atbasar,100,KZ,2021-12-15 00:51:11,85,51.8,68.3333,16.43,11.5
521,Iberia,40,US,2021-12-15 00:51:12,88,29.9502,-91.7507,70.11,4.61
522,Vestmannaeyjar,100,IS,2021-12-15 00:51:12,67,63.4427,-20.2734,43.16,17.16
523,Cap Malheureux,4,MU,2021-12-15 00:51:12,75,-19.9842,57.6142,77.49,8.01
524,Asyut,0,EG,2021-12-15 00:51:13,51,27.181,31.1837,51.98,8.05
525,Boende,60,CD,2021-12-15 00:51:13,85,-0.2167,20.8667,73.44,1.88
526,Buchanan,100,LR,2021-12-15 00:51:13,84,5.8808,-10.0467,79.72,4.88
527,Chapada Dos Guimaraes,99,BR,2021-12-15 00:51:14,95,-15.4606,-55.7497,71.26,3.89
528,Salisbury,78,GB,2021-12-15 00:51:14,90,51.0693,-1.7957,53.69,6.15
529,Sisimiut,100,GL,2021-12-15 00:51:15,94,66.9395,-53.6735,20.37,15.77
530,Denia,0,ES,2021-12-15 00:51:15,90,38.8408,0.1057,56.53,1.01
531,Kenai,1,US,2021-12-15 00:51:15,86,60.5544,-151.2583,3.15,0.0
532,Lovozero,99,RU,2021-12-15 00:51:16,95,68.005,35.0117,13.32,2.73
533,Dois Vizinhos,99,BR,2021-12-15 00:51:16,93,-25.7336,-53.0572,70.84,2.71
534,Baghdad,0,IQ,2021-12-15 00:51:17,62,33.3406,44.4009,53.51,8.05
535,Kaitong,33,CN,2021-12-15 00:51:17,81,44.8135,123.15,8.31,2.73
536,Dunshaughlin,0,IE,2021-12-15 00:51:17,91,53.5125,-6.54,47.98,12.64
537,Nago,0,JP,2021-12-15 00:51:18,59,26.5881,127.9761,69.87,7.49
538,Rosarito,100,MX,2021-12-15 00:51:18,74,32.3333,-117.0333,55.13,23.82
539,Athabasca,100,CA,2021-12-15 00:48:19,96,54.7169,-113.2854,-0.58,9.37
540,Bagdarin,6,RU,2021-12-15 00:51:19,95,54.4333,113.6,-23.48,3.4
541,North Bay,90,CA,2021-12-15 00:50:47,65,46.3168,-79.4663,33.15,5.75
542,Labytnangi,93,RU,2021-12-15 00:51:19,95,66.6572,66.4183,9.68,3.94
543,Diamantina,100,BR,2021-12-15 00:51:19,98,-18.2494,-43.6003,64.06,5.19
544,Sawakin,92,SD,2021-12-15 00:51:20,76,19.1059,37.3321,78.62,0.78
545,Menzelinsk,100,RU,2021-12-15 00:51:20,92,55.7271,53.1026,22.24,5.46
546,Pangnirtung,79,CA,2021-12-15 00:51:20,95,66.1451,-65.7125,-18.38,4.68
547,Callaguip,5,PH,2021-12-15 00:51:21,59,18.0714,120.4867,82.06,6.17
548,Luanda,40,AO,2021-12-15 00:51:21,89,-8.8368,13.2343,78.8,9.22
549,Binzhou,5,CN,2021-12-15 00:51:21,66,37.3667,118.0167,39.45,3.2
550,Maltahohe,0,NA,2021-12-15 00:51:22,16,-24.8333,16.9833,64.78,10.96
551,Karratha,0,AU,2021-12-15 00:51:22,33,-20.7377,116.8463,88.92,11.18
552,Aswan,84,EG,2021-12-15 00:51:22,33,24.0934,32.907,60.8,13.22
553,Ipixuna,100,BR,2021-12-15 00:51:23,94,-1.7625,-48.8043,80.55,4.0
554,Waitati,100,NZ,2021-12-15 00:50:09,83,-45.75,170.5667,56.8,9.24
555,Flagstaff,1,US,2021-12-15 00:52:23,70,35.1981,-111.6513,45.59,1.01
556,Marawi,90,PH,2021-12-15 00:52:23,86,7.9986,124.2928,70.65,5.1
557,Ahipara,1,NZ,2021-12-15 00:52:24,66,-35.1667,173.1667,71.22,11.21
558,Erzin,87,TR,2021-12-15 00:52:24,65,36.9559,36.2,50.52,7.25
559,Totma,100,RU,2021-12-15 00:52:24,95,59.9747,42.7642,23.72,7.05
560,Sobolevo,95,RU,2021-12-15 00:52:25,98,54.4299,31.8996,22.53,6.15
561,Kakogawa,1,JP,2021-12-15 00:52:25,57,34.7667,134.85,54.3,9.15
562,Hanmer Springs,100,NZ,2021-12-15 00:52:25,99,-42.5167,172.8167,52.21,4.5
563,Ambalema,99,CO,2021-12-15 00:52:25,84,4.7841,-74.7627,84.43,3.18
564,Contamana,99,PE,2021-12-15 00:52:26,64,-7.3333,-75.0167,80.67,3.18
565,Tromso,0,NO,2021-12-15 00:52:26,74,69.6496,18.957,35.38,3.44
566,Naryan-Mar,98,RU,2021-12-15 00:52:26,97,67.6713,53.087,18.16,6.46
567,Seydi,41,TM,2021-12-15 00:52:27,77,39.4816,62.9137,29.61,5.23
568,Nyaunglebin,6,MM,2021-12-15 00:52:27,86,17.95,96.7333,67.1,4.85
569,Ambulu,18,ID,2021-12-15 00:52:27,74,-8.345,113.6058,82.83,0.85
570,Novikovo,99,RU,2021-12-15 00:52:28,93,51.1537,37.8879,28.56,2.57
